"garage_id","garage_name","latitude","longitude","open_time","close_time","address","garage_website","phone","image"
"8f60a3e8-bb43-463f-b5ec-4510bbba77a6",Công Nghệ Auto,21.070026,105.809726,08:30:00,17:30:00,"23 Đ. Nguyễn Hoàng Tôn, Xuân La, Tây Hồ, Hà Nội, Việt Nam",https://www.facebook.com/congngheautotrungspacy,"02438562888",https://lh3.googleusercontent.com/p/AF1QipPrX0lK58kLFu3Da65MMinaoy8z6b-afPCV2ksV=s0; https://lh3.googleusercontent.com/p/AF1QipPKjquDR2BEjUTeBzwRNYx-W5AsLE52_rMkde-G=s0; https://lh3.googleusercontent.com/p/AF1QipPEtwNg-tpPTGjJRseu_n_WAMlovzq08r0v9TDN=s0
"54481bd2-4422-4da5-9786-968c92aebe31",HD Auto - Gara sửa chữa ô tô uy tín,21.056019,105.806207,08:30:00,17:30:00,"Ng. 158 Đ. Võ Chí Công, Xuân La, Tây Hồ, Hà Nội, Việt Nam",https://www.facebook.com/huydinhauto/,"0366559669",https://lh3.googleusercontent.com/p/AF1QipOppKQQtPJWB30BLbYr7Bbldug8INTAJTqhmk6w=s0; https://lh3.googleusercontent.com/p/AF1QipO8xKQk1w0xopdGjMwEwd42RogIUpkc3rhu8HOS=s0; https://lh3.googleusercontent.com/p/AF1QipOhYXwVLfkYNjAtvkklXE8j1LTrUQGuduRvk38e=s0
d8758604-5ad7-4559-ba17-0af7578b90d2,HZ AUTO,21.029849,105.758914,08:30:00,17:30:00,"121 P. Nguyễn Văn Giáp, Cầu Diễn, Nam Từ Liêm, Hà Nội 100000, Việt Nam",https://www.facebook.com/GarageHzauto/,"0989078616",https://lh3.googleusercontent.com/p/AF1QipPnBpAxk6s3ygZeqLggM70uGmh5opeJyeCiDKIQ=s0; https://lh3.googleusercontent.com/p/AF1QipOkAILRIldpmSIxtyZP7_qKqm5MB-wHAJTtoXdH=s0; https://lh3.googleusercontent.com/p/AF1QipPLuISwmakrGYae7kzkTqqFbcPm1JoSrOmeEE-5=s0
"7bab1522-b997-42d1-a43c-159efdf061ac", Auto Thành Tâm,21.035962,105.870075,08:30:00,17:30:00,"Ngõ 199 P. Phú Viên, Bồ Đề, Long Biên, Hà Nội, Việt Nam",https://www.facebook.com/profile.php?id=100088090515374,"0917517588",https://lh3.googleusercontent.com/p/AF1QipNeZy8jk42n96mDxN2GW_hJzu_QBm1G2b4U_NHo=s0; https://lh3.googleusercontent.com/p/AF1QipM_mhXP92cCbIP3xe-v-5tOdseRw7X4bvrROum1=s0; https://lh3.googleusercontent.com/p/AF1QipOgbdAbwLidis8GIrQLoHWifL5SPMcZZNauq8Dh=s0
"616f645a-119d-4f06-86aa-ca118b056c6b",Gara VIco,21.045277,105.738787,08:30:00,17:30:00," Lô A2-CN3 Khu công nghiệp Từ Liêm, Phường Minh Khai, Từ Liêm, Hà Nội", https://www.facebook.com/viautovn, 0936 680 115 ,https://lh3.googleusercontent.com/p/AF1QipOutjMd2JpCozwBXUKx3MVw5BnkNrKiL1lq8BHi=s0; https://lh3.googleusercontent.com/p/AF1QipPXElMMHYh-1Q7j8U_OWU_X6IgauHD5j4P0Hzi7=s0; https://lh3.googleusercontent.com/p/AF1QipP_Da7DClslRb2e7YEffIpU40CXH2YuCiE9xHsp=s0
"5cc60a59-1fd8-4fac-98fd-35d40f61e0a1",SmartCar Service,21.083639,105.785583,08:30:00,17:30:00,"96 Đ. Tân Xuân, Nhật Tảo, Bắc Từ Liêm, Hà Nội, Việt Nam",https://www.facebook.com/SmartCarService.98TanXuan,"0981894889",https://lh3.googleusercontent.com/p/AF1QipP6QHPPAxn2ScU8IzjGRRDuzrrP--T2PKjd1OI=s0; https://lh3.googleusercontent.com/p/AF1QipPaLQTIb3ZDTMKQl23iEhQw4aoJ_VYENTyUpsw=s0; https://lh3.googleusercontent.com/p/AF1QipNHOJhvDc10VjAxcx-QRCl0dmTa_DWdZHKsNYoI=s0
ec74da02-066f-4706-8eb0-79a8c994a15b, Gara Hà Thành,21.059389,105.804666,08:30:00,17:30:00,"500 Đ. Võ Chí Công, Xuân La, Tây Hồ, Hà Nội 100000, Việt Nam", https://www.facebook.com/HaThanh.CarSpa/,"0818680505",https://lh3.googleusercontent.com/p/AF1QipOF97Go7GKYF66fknGvJuQ2x17eamWxVOZIsHyL=s0; https://lh3.googleusercontent.com/p/AF1QipP0trRkngAKb6zafJvRFk1iSECpvWpr-neSjx3a=s0; https://lh3.googleusercontent.com/p/AF1QipOwfrEsrsOkMOixyUxkUKDHk2OHqkdFZp_kq9eg=s0
"2b2c0c08-59c3-44e6-865d-66c0e37cf169",Gara Ô tô Trung Kiên,20.971915,105.8293694,08:30:00,17:30:00,"72 P. Đặng Xuân Bảng, Đại Kim, Hoàng Mai, Hà Nội 100000, Việt Nam",https://www.facebook.com/garaototrungkien/,"0987432106",https://lh3.googleusercontent.com/p/AF1QipN4rm9N3K5RF8om0x0o77fSf63Ads4MkVNFZOzq=s0; https://lh3.googleusercontent.com/p/AF1QipMZoK9MR8GSTLPD49RtACHk2zEBMBxSpuRUklFy=s0; https://lh3.googleusercontent.com/p/AF1QipMOL6QFjUt672PgjParUqfULMpjlF0ericFWI2F=s0
d2afda4b-f0e3-4bf3-b46c-5fda83ae52bc,Gara Quang Đức,20.975379,105.841075,08:30:00,17:30:00,"1075 Giải Phóng, Định Công, Hoàng Mai, Hà Nội, Việt Nam",https://www.facebook.com/profile.php?id=100059316040740,"0962677726",https://lh3.googleusercontent.com/p/AF1QipO5GpdJZouFcfHetElF_ifXtp5NOu8o6WQLgKdW=s0; https://lh3.googleusercontent.com/p/AF1QipNDuKQtnp7mPK3fODdsShQ5QBvGEy2h4DNvFP9j=s0; https://lh3.googleusercontent.com/p/AF1QipOG2xvH6ySrjlGZ1oVuYxVDFZ4z5PW4NFMBj33X=s0
a30a84b8-edf0-484f-acd2-267de1f738c0,Gara Thành,21.042239,105.782344,08:30:00,17:30:00,"120 P. Trần Quốc Hoàn, Dịch Vọng Hậu, Cầu Giấy, Hà Nội, Việt Nam",https://www.facebook.com/gara.thanhmerc,"0974349911",https://lh3.googleusercontent.com/p/AF1QipP87VMkhFlHRy18-Q-WZPTd1X_qnj7ZWF3vxwp2=s0; https://lh3.googleusercontent.com/p/AF1QipP9XTu-YKTlP4lpNq3xMjbK_d97_Wdj8Ii4eOlx=s0; https://lh3.googleusercontent.com/p/AF1QipP2dLZWWtWIg7bF7dW79pVjN4YEXWnvPCBUOnqH=s0	
f565ee3d-98d7-4c0c-a2bb-cbc1489d49fb,Castrol Auto Services Công Nghệ Auto,21.070246,105.809579,08:30:00,17:30:00,"25 Đ. Nguyễn Hoàng Tôn, Xuân La, Tây Hồ, Hà Nội 100000, Việt Nam",https://www.facebook.com/trungspacy.congngheauto/,"0904445413",https://lh3.googleusercontent.com/p/AF1QipMFNHOo0vSUgIjWFxeTFe-349DP3eE0GnY5J5XW=s0; https://lh3.googleusercontent.com/p/AF1QipPxVn1kSccoMYxSpCN1619RwVwZEwoLEVUFn225=s0; https://lh3.googleusercontent.com/p/AF1QipOX8F3c3O7y-id2pSsY8Y9iujvGMfafIFdvXFrV=s0
"40a00075-5c0d-41d8-af8b-c4ccc930ee52",Hà Thành Garage - CN Võ Chí Công,21.059370,105.804725,08:30:00,17:30:00,"500 Đ. Võ Chí Công, Xuân La, Tây Hồ, Hà Nội 100000, Việt Nam",https://www.facebook.com/HaThanh.CarSpa/,"0818680505",https://lh3.googleusercontent.com/p/AF1QipOF97Go7GKYF66fknGvJuQ2x17eamWxVOZIsHyL=s0; https://lh3.googleusercontent.com/p/AF1QipOwx9luF8PeZ9GIyq_2yo-n4x9LTGmSv5XwB-6e=s0; https://lh3.googleusercontent.com/p/AF1QipOwfrEsrsOkMOixyUxkUKDHk2OHqkdFZp_kq9eg=s0
"68e81888-19f3-4274-bb83-9fac01ef54c0",Gara ô tô Thành Vinh,21.017475,105.864045,08:30:00,17:30:00,"53 Nguyễn Khoái, Bạch Đằng, Hai Bà Trưng, Hà Nội, Việt Nam", https://www.facebook.com/profile.php?id=100005737248961,"0904126010",https://lh3.googleusercontent.com/p/AF1QipObZJR6N5IXHf1lxKmEBSI6k_QEDt84PJ1WvTtE=s0; https://lh3.googleusercontent.com/p/AF1QipM0GNWIfBHT2z27oZvCVyIm5mDozesW77mtL3fw=s0; https://lh3.googleusercontent.com/p/AF1QipP_hARbJ5Xx5siog-gC1laehwhU4wesQb4d3f7O=s0
"75d3b45c-f52d-4a8a-abed-8063167d3a19",Garage Chăm Sóc Xe Hơi Hưng Phát - 85 Láng Hạ,21.017537,105.816481,08:30:00,17:30:00,"85 P. Láng Hạ, Chợ Dừa, Ba Đình, Hà Nội",Facebook,"0916868226",https://scontent.fhan14-4.fna.fbcdn.net/v/t39.30808-6/427035429_839019561361466_7897139923511868771_n.jpg?stp=cp6_dst-jpg&_nc_cat=102&ccb=1-7&_nc_sid=5f2048&_nc_eui2=AeFJEwW8aJc-eWMLPsRKV9UijKWGM0vM-0uMpYYzS8z7S9eT6czGAxCJQROgGAm2uO2BqT0Dz-tTNirwFX9tqUn8&_nc_ohc=4eNbF2edSxQAX8o6Zim&_nc_ht=scontent.fhan14-4.fna&oh=00_AfDCx0nGwIuc4RbNUOzPXNStHXPRFB7GCTp75vs6sukF0g&oe=65FA8F3F
"75d3b45c-f52d-4a8a-abed-8063167d3a20",Gara Lốp 98,21.0072369,105.8548388,08:30:00,17:30:00,"91 P. Võ Thị Sáu, Thanh Nhàn, Hai Bà Trưng, Hà Nội",Phương P. Kiện Gara | Facebook,"0942123388",https://poipic6.coccoc.com/1000x750/poi/previews/20180925/26671-6207a97ff0cab344496d2ce6cb0b905a.jpg
"75d3b45c-f52d-4a8a-abed-8063167d3a21",GARA Ô TÔ ANH QUÂN,21.0105465,105.7911632,08:30:00,17:30:00,"C2 lô 21, Khu đô thị Nam Trung Yên, Cầu Giấy, Hà Nội",Facebook,"0912535689",https://anhquanauto.com/wp-content/uploads/2021/05/ANHQUANAUTO-TU-VAN-MUA-BAN-XE-CU.jpg
"75d3b45c-f52d-4a8a-abed-8063167d3a11",Garage Ô Tô Hải Yến,21.0030693,105.8416405,08:30:00,17:30:00,"5 đường Giải Phóng, văn giáp, Hai Bà Trưng, Hà Nội",Facebook,"0984510110","https://oto-hui.com/attachments/gara-hai-yen-jpg.99138/;
https://oto-hui.com/attachments/gara-hai-yen-jpg.99138/;
https://oto-hui.com/attachments/gara-hai-yen-jpg.99138/"
"03094725-5e4b-4086-93dd-f1e5e3a4e360",Garage AM,21.030930,105.757980,08:30:00,17:30:00,"Mặt đường Trịnh Văn Bô &, 370 Phúc Diễn, Xuân Phương, Nam Từ Liêm, Hà Nội",https://www.facebook.com/profile.php?id=100087765091730,"0976784794",https://lh3.googleusercontent.com/p/AF1QipNbFW3ab1A6BQRq7C2csmD5afBHoOJ3RE9yGFpi=s0; https://lh3.googleusercontent.com/p/AF1QipNpLTFkNeBKTPW3aNdVZstfvm2gRetazTCIJK5i=s0; https://lh3.googleusercontent.com/p/AF1QipObz4qz_h5nqyKeTnGk1_XlKxwzGM8t2ePrgEeG=s0
"1fd628d4-83da-4a80-9276-a631f97649ec",Gara Trung Kiên,20.971986,105.829473,08:30:00,17:30:00,"72 P. Đặng Xuân Bảng, Đại Kim, Hoàng Mai, Hà Nội 100000, Việt Nam", https://www.facebook.com/garaototrungkien/,"0987432106",https://lh3.googleusercontent.com/p/AF1QipN4rm9N3K5RF8om0x0o77fSf63Ads4MkVNFZOzq=s0; https://lh3.googleusercontent.com/p/AF1QipNEuoT9-ieN0HD3i4soxkxjl5sqdSiZAB220kmB=s0; https://lh3.googleusercontent.com/p/AF1QipO-oBHwQHH6YweI5AxUQ6BSBPnRSGsDSQ9zpu-e=s0
"75d3b45c-f52d-4a8a-abed-8063167d3a42",Garage Ô Tô Quang Trường,21.040825,105.874162,08:30:00,17:30:00,"76 P. Ái Mộ, Bồ Đề, Long Biên, Hà Nội",Facebook,"0982407984",https://th.bing.com/th/id/OIP.213GOWX5jkThrB4CI4GaugHaE7?rs=1&pid=ImgDetMain; https://th.bing.com/th/id/R.298fb4cc1c35c7d43cf7b3568e65510c?rik=8E5TXbU2ZtgRog&pid=ImgRaw&r=0; https://th.bing.com/th/id/OIP.-q4lfxIP-Gx6gsxZ1d1cvwHaEK?w=800&h=450&rs=1&pid=ImgDetMain
"75d3b45c-f52d-4a8a-abed-8063167d3a07",Gara Ô Tô QTH2,21.017916,105.786844,08:30:00,17:30:00,"Kho bãi A5, Đường, AR9, Yên Hoà, Cầu Giấy, Hà Nội ", https://www.facebook.com/profile.php?id=100005737248961,"0904533268",https://lh3.googleusercontent.com/p/AF1QipOExXarafdiuy1GZRghxCRaSLQi1aQdika6KKtr=s0; https://lh3.googleusercontent.com/p/AF1QipOGzpaLiqiUyskI8KFxAV14cZmdVQrSe9pPbKA4=s0; https://lh3.googleusercontent.com/p/AF1QipOghMwFddG83j-epzFuVPzB8I6fLX90ORlUEsfW=s0
"75d3b45c-f52d-4a8a-abed-8063167d3a09",Gara oto Trần Chung,21.013336,105.789143,08:30:00,17:30:00,"chợ Nam Trung Yên, Trung Hoà, Cầu Giấy, Hà Nội",https://www.facebook.com/tranchungoto,"0988965092",https://lh3.googleusercontent.com/p/AF1QipOVs9ypozH1k5OvrGVIa7BvsyDoHeLnJu6kLnoO=s0; https://lh3.googleusercontent.com/p/AF1QipNTxB-HePBWEOn_WAsW2QYMRoSCCGkx_XWVn80R=s0; https://lh3.googleusercontent.com/p/AF1QipOZe3zwqZi6YK8pWgPNi4_o6pjKJOxb4ktTXH0g=s0
"75d3b45c-f52d-4a8a-abed-8063167d3a01",Garage ô tô Thái Dương,21.032390,105.855467,08:30:00,17:30:00,"1 P. Hàng Thùng, Lý Thái Tổ, Hoàn Kiếm, Hà Nội",https://www.facebook.com/autothaiduonggara/,"0913560601",https://lh3.googleusercontent.com/p/AF1QipMJdu_FLsT6yOHieps2lLHx9VlA-jeeiN_NQ9v5=s0; https://lh3.googleusercontent.com/p/AF1QipPWHmvHxZwMRmt_bU5B_YEnzQ_cfpGhUREeJECC=s0; https://lh3.googleusercontent.com/p/AF1QipMEP4_6Gt-0UECWYVeNbvDojPKRQclvVysqLfo8=s0
"75d3b45c-f52d-4a8a-abed-8063167d3a12",Gara Ô Tô Hà Thành,21.007649,105.854791,08:30:00,17:30:00,"45 P. Võ Thị Sáu, Thanh Nhàn, Hai Bà Trưng, Hà Nội",Đức Nam Anh | Facebook,"0912563765",https://lh3.googleusercontent.com/p/AF1QipMIC-1rdtIMRsrkbCDudva7skvXU40J32wOvUzD=s0; https://lh3.googleusercontent.com/p/AF1QipP2J7hT6vbbzy8X_x7lFAe4fQ9N0kx71BKysRy7=s0; https://lh3.googleusercontent.com/p/AF1QipOyjKF7ZDqgaNk8EaeYY8JH3H18OosMIl1amDIE=s0
"75d3b45c-f52d-4a8a-abed-8063167d3a14",Gara Ôtô Hải Tú,21.004519,105.828535,08:30:00,17:30:00,"46 P. Tam Khương, Khương Thượng, Đống Đa, Hà Nội",Facebook,"0838941994",https://lh3.googleusercontent.com/p/AF1QipNFu8Xta5P8Nf3ohiYDlRciJ7NUhV-leIzjp4u8=s0; https://lh3.googleusercontent.com/p/AF1QipOIuWkDCtwBhhyzAdII7d1tDZ3w1c4LFL0n6LVs=s0; https://lh3.googleusercontent.com/p/AF1QipMBUs-8dEL7mprYqdIqm97uIoe-En_UIEhC1qTp=s0
"75d3b45c-f52d-4a8a-abed-8063167d3a15",Garage Ô Tô Tuyết Anh,21.009789,105.856332,08:30:00,17:30:00,"351 Trần Khát Chân, Thanh Nhàn, Hai Bà Trưng, Hà Nội",Facebook,"02439727136",https://lh3.googleusercontent.com/p/AF1QipPDjnyXIu8d6t29vUwRoabSUqDEjBQ0U-2xg4pL=s0; https://lh3.googleusercontent.com/p/AF1QipO_yYnYbBy8BNQ4D8A5NO5X2VSKapkTgwbUTCEG=s0; https://lh3.googleusercontent.com/p/AF1QipOkQ0UzeRcqxdGUiX097IKokImF1y4oxhKSsiih=s0 
"75d3b45c-f52d-4a8a-abed-8063167d3a16",Gara ô tô Thăng Long,21.016739,105.789005,08:30:00,17:30:00,"2Q9P+2R9, AR9, Yên Hoà, Cầu Giấy, Hà Nội",Facebook,"093 342 46 66",https://media.diadiem247.com/uploads/w900/2021/04/05/gara-sua-chua-o-to-thang-long-1.jpg; https://lh3.googleusercontent.com/p/AF1QipOUvSLCPXf8KYfMkgL6clYbw-uKroQC9cgdnxRC=s0; https://lh3.googleusercontent.com/p/AF1QipOWWapuIbLDTwAm7SmA3s8Ui9utyHsoZ4iE-f2O=s0; https://lh3.googleusercontent.com/p/AF1QipOUvSLCPXf8KYfMkgL6clYbw-uKroQC9cgdnxRC=s0; https://lh3.googleusercontent.com/p/AF1QipOWWapuIbLDTwAm7SmA3s8Ui9utyHsoZ4iE-f2O=s0
"75d3b45c-f52d-4a8a-abed-8063167d3a18",gara Ô Tô Tuân Nhung,21.03375901415524,105.8537080105125,08:30:00,17:30:00,"101 DV 2, P. Hàng Bè, Mậu Lương, Hà Đông, Hà Nội 100000",Facebook,"0523999589",https://encrypted-tbn0.gstatic.com/images?q=tbn:ANd9GcTxXZMyk3hZjGQSXsNxXq1VjybpWhl-5O0R1swhzAeNjw&s; https://lh3.googleusercontent.com/p/AF1QipNGMaMC8imqnv4doxRJ8yAiSmWdvUSvu-NyKdu3=s0; https://lh3.googleusercontent.com/p/AF1QipNvqsaj9AzysdewwwRhyiNJCpBMhfXOB3ui506D=s0
"517354c2-db22-4550-a688-6d82aa0b0464",Garage Quang Đức,20.975388,105.841157,08:30:00,08:32:00,"1075 Giải Phóng, Giáp Bát, Hoàng Mai, Hà Nội",https://www.facebook.com/quangduc.com.vn/,"0962 677 726",https://lh3.googleusercontent.com/p/AF1QipNDuKQtnp7mPK3fODdsShQ5QBvGEy2h4DNvFP9j=s0; https://lh3.googleusercontent.com/p/AF1QipM-L_D5DYoTy3s2EMlk87TxZ9bFL4f7Kg8kuyDI=s0; https://lh3.googleusercontent.com/p/AF1QipOG2xvH6ySrjlGZ1oVuYxVDFZ4z5PW4NFMBj33X=s0
"75d3b45c-f52d-4a8a-abed-8063167d3a08",Gara Bình Minh Auto,21.011594,105.746381,08:30:00,17:30:00,"AR7, Khu đô thị Nam Trung Yên, Cầu Giấy, Hà Nội",https://www.facebook.com/profile.php?id=100072188854382,"0975959359",https://cdn.cybercar.vn/services/800/binh-minh-auto-2520.jpeg; https://lh3.googleusercontent.com/p/AF1QipOGLfQi1XSVTCA4CIr3YB1gUoa99xRZoTOwOYI-=s0; https://lh3.googleusercontent.com/p/AF1QipNWI3Uwfz_aJvzBjsyYNjHjWdZlv4KNKk5uuIcP=s0
"75d3b45c-f52d-4a8a-abed-8063167d3a22",Gara Phụ Tùng Ô Tô Sỹ Liêm,21.0231773,105.8558927,08:30:00,17:30:00,"2VF4+79C Gara phụ tùng ô tô sỹ liêm, Phan Chu Trinh, Hoàn Kiếm, Hà Nội",Facebook,"098 751 95 19",https://lh3.googleusercontent.com/p/AF1QipNvqsaj9AzysdewwwRhyiNJCpBMhfXOB3ui506D=s0; https://lh3.googleusercontent.com/p/AF1QipNGMaMC8imqnv4doxRJ8yAiSmWdvUSvu-NyKdu3=s0; https://lh3.googleusercontent.com/p/AF1QipPJ49mCnL-5suvKlD8YthIMiGsGH7Xh2kp2tKJ_=s0
"75d3b45c-f52d-4a8a-abed-8063167d3a24",Gara Tiên Phong,21.0175473,105.8163512,08:30:00,17:30:00,"85 P. Láng Hạ, Chợ Dừa, Ba Đình, Hà Nội",Facebook,"096 330 5511",https://lh3.googleusercontent.com/p/AF1QipNvqsaj9AzysdewwwRhyiNJCpBMhfXOB3ui506D=s0; https://lh3.googleusercontent.com/p/AF1QipNGMaMC8imqnv4doxRJ8yAiSmWdvUSvu-NyKdu3=s0; https://lh3.googleusercontent.com/p/AF1QipPJ49mCnL-5suvKlD8YthIMiGsGH7Xh2kp2tKJ_=s0
"75d3b45c-f52d-4a8a-abed-8063167d3a25",Gara ôtô Minh Chiến,21.010466,105.7910682,08:30:00,17:30:00,"Nam Trung Yên, Trung Hoà, Cầu Giấy, Hà Nội",Gara ôtô Minh Chiến - Kết quả tìm kiếm | Facebook,"0862165102",https://s.bonbanh.com/uploads/users/524455/salon/l_1641229651.jpg; https://lh3.googleusercontent.com/p/AF1QipMtF6n595BCEX1zgICQ-z4r1HHPjAEdzk4WpjZj=s0; https://lh3.googleusercontent.com/p/AF1QipO74UEKw-nvYXaeY_Ap_APHktw3JlM8aKg7Y3UU=s0
"75d3b45c-f52d-4a8a-abed-8063167d3a26",Gara thành công,21.0315888,105.7897599,08:30:00,17:30:00,"Ngõ 25 P. Thọ Tháp, Dịch Vọng, Cầu Giấy, Hà Nội",Facebook,"0345078168",https://lh3.googleusercontent.com/p/AF1QipNvqsaj9AzysdewwwRhyiNJCpBMhfXOB3ui506D=s0; https://lh3.googleusercontent.com/p/AF1QipNGMaMC8imqnv4doxRJ8yAiSmWdvUSvu-NyKdu3=s0; https://lh3.googleusercontent.com/p/AF1QipPJ49mCnL-5suvKlD8YthIMiGsGH7Xh2kp2tKJ_=s0
"75d3b45c-f52d-4a8a-abed-8063167d3a27",Gara Đức Thanh,21.0136568,105.8151577,08:30:00,17:30:00,"131 P. Thái Thịnh, Thịnh Quang, Đống Đa, Hà Nội",Facebook,"02438560805",https://lh3.googleusercontent.com/p/AF1QipNGMaMC8imqnv4doxRJ8yAiSmWdvUSvu-NyKdu3=s0; https://lh3.googleusercontent.com/p/AF1QipOKgLx_VohfrgII3ZqnXsllDM1sEBOKpyZPuaGZ=s0; https://lh3.googleusercontent.com/p/AF1QipNvqsaj9AzysdewwwRhyiNJCpBMhfXOB3ui506D=s0
"75d3b45c-f52d-4a8a-abed-8063167d3a28",Gara Oto Thai Binh,21.023086,105.821139,08:30:00,17:30:00,"217 Đ. La Thành, Chợ Dừa, Đống Đa, Hà Nội",Facebook,"0904712498",https://timthosuaxe.com/wp-content/uploads/2023/05/cuuho-5-1024x576.jpg; https://lh3.googleusercontent.com/p/AF1QipN-sOwjeB9do2kyJHlQTcl0dJlnkLR8RX4Qkdl4=s0; https://lh3.googleusercontent.com/p/AF1QipN_2vasmXW7-iRLpFIOjYGTEnaC0NqZ-fzZ-nWW=s0
"75d3b45c-f52d-4a8a-abed-8063167d3a29",Gara Ô Tô DTS,21.0267013,105.7841943,08:30:00,17:30:00,"tòa NIC- Bộ Kế hoạch và Đầu tư, Số 6 Ng. 7 P. Tôn Thất Thuyết, Đối diện, Cầu Giấy, Hà Nội 000084",Facebook,"0975443668",https://lh3.googleusercontent.com/p/AF1QipN9PJgxJrEMYssuukIzINUZ9SpIkk5hXUE_LCv4=s0; https://lh3.googleusercontent.com/p/AF1QipN_2vasmXW7-iRLpFIOjYGTEnaC0NqZ-fzZ-nWW=s0; https://lh3.googleusercontent.com/p/AF1QipNdoVk_6s-jOblpRzz3BT3EGAnrmXe2FaQjTlwP=s0
"75d3b45c-f52d-4a8a-abed-8063167d3a30",Gara Ô Tô Disa Auto,21.0044551,105.826997,08:30:00,17:30:00,"48 P. Tam Khương, Khương Thượng, Đống Đa, Hà Nội",Facebook,"0985866002",https://lh3.googleusercontent.com/p/AF1QipMtF6n595BCEX1zgICQ-z4r1HHPjAEdzk4WpjZj=s0; https://lh3.googleusercontent.com/p/AF1QipPJ49mCnL-5suvKlD8YthIMiGsGH7Xh2kp2tKJ_=s0; https://lh3.googleusercontent.com/p/AF1QipO74UEKw-nvYXaeY_Ap_APHktw3JlM8aKg7Y3UU=s0
"75d3b45c-f52d-4a8a-abed-8063167d3a31",Gara MT-Car,21.0303845,105.8608981,08:30:00,17:30:00,"46 P. Chương Dương Độ, Chương Dương Độ, Hoàn Kiếm, Hà Nội",https://www.facebook.com/profile.php?id=100094749609148,"0913223024",https://mtcar.vn/wp-content/uploads/2017/11/Slider-1.png; https://lh3.googleusercontent.com/p/AF1QipOG2xvH6ySrjlGZ1oVuYxVDFZ4z5PW4NFMBj33X=s0; https://lh3.googleusercontent.com/p/AF1QipOYCA2N4CC2WrkFlwE5PfJrtHFlhgJbwMDdcvEr=s0
"75d3b45c-f52d-4a8a-abed-8063167d3a32",Gara ô tô Vượng Mạnh CS 2,20.9955604,105.8514489,08:30:00,17:30:00,"ĐT70 P. Minh Khai, Xuân Phương, Hai Bà Trưng, Hà Nội ",https://www.facebook.com/manhblue67,"0988353711",https://poipic5.coccoc.com/1000x750/poi/previews/20180523/23944-46ab48c15f847ffd86e6a15dbdbbd8c9.jpg; https://lh3.googleusercontent.com/p/AF1QipM6r1wMOQCSH7h5W9VtGU8rxAjIm2OEveyziBIN=s0; https://lh3.googleusercontent.com/p/AF1QipOsIoecp5VYCahaDYdsC0XaU_X7hB5Kbeh49Dky=s0
"75d3b45c-f52d-4a8a-abed-8063167d3a33",Gara HT Auto,21.0332663,105.7896259,08:30:00,17:30:00,"Dịch Vọng, Cầu Giấy, Hà Nội",Facebook,"0984758476",https://lh3.googleusercontent.com/p/AF1QipOsIoecp5VYCahaDYdsC0XaU_X7hB5Kbeh49Dky=s0; https://lh3.googleusercontent.com/p/AF1QipN_5b3WPNm5I11HY5xzcSRNpZBDnoxk0EB7qMSy=s0; https://lh3.googleusercontent.com/p/AF1QipM6r1wMOQCSH7h5W9VtGU8rxAjIm2OEveyziBIN=s0
"75d3b45c-f52d-4a8a-abed-8063167d3a34",Garage DNT,21.0208727,105.8016352,08:30:00,17:30:00,"896 Đ. Láng, Yên Hoà, Đống Đa, Hà Nội ",Facebook,"0837686887",https://encrypted-tbn0.gstatic.com/images?q=tbn:ANd9GcQOsJ7Pr-LBd2IONBtKISyShZkGQYawlcCCNhf5inr3Mg&s; https://lh3.googleusercontent.com/p/AF1QipPyM5KfzO6CiE7Th9GOK2H9yP0Qhc2SMjqDQul_=s0; https://lh3.googleusercontent.com/p/AF1QipMgvj_JTvInyUXnzLc5-_Q6yzoVCSZVUEmeAmux=s0
"75d3b45c-f52d-4a8a-abed-8063167d3a36",Gara Ô Tô Tiến Nguyệt,21.0277644,105.8341598,08:30:00,17:30:00,"Cầu Vai Bò, Tân Tiến, Đống Đa, Hà Nội ",https://www.facebook.com/profile.php?id=61556871742953,"0836112268",https://toplist.vn/images/800px/xuonggara-sua-chua-o-to-uy-tin-va-chat-luong-o-quan-dong-da-ha-noi-nguyen-hanh-476493.jpg; https://lh3.googleusercontent.com/p/AF1QipPfug9rLY7Grb2XXL3SNFUB0NO2OQfVag2UpTx7=s0; https://lh3.googleusercontent.com/p/AF1QipNeZy8jk42n96mDxN2GW_hJzu_QBm1G2b4U_NHo=s0
"75d3b45c-f52d-4a8a-abed-8063167d3a38",Gara ô tô Quang Đức - Cứu Hộ ô Tô,20.9753629,105.8411037,08:30:00,17:30:00,"1075 Giải Phóng, Định Công, Hoàng Mai, Hà Nội",https://www.facebook.com/quangduc.com.vn/,"0962677726",https://lh3.googleusercontent.com/p/AF1QipO5GpdJZouFcfHetElF_ifXtp5NOu8o6WQLgKdW=s0; https://lh3.googleusercontent.com/p/AF1QipOG2xvH6ySrjlGZ1oVuYxVDFZ4z5PW4NFMBj33X=s0; https://lh3.googleusercontent.com/p/AF1QipOYCA2N4CC2WrkFlwE5PfJrtHFlhgJbwMDdcvEr=s0
"75d3b45c-f52d-4a8a-abed-8063167d3a04",Garage Ô Tô Mạnh Hùng,21.007339289393727,105.854702673716,08:30:00,17:30:00,"47 P. Võ Thị Sáu, Thanh Nhàn, Hai Bà Trưng, Hà Nội ",https://www.facebook.com/p/Gara-Oto-M%E1%BA%A1nh-H%C3%B9ng-100064870533594/?paipv=0&eav=AfY2rJ2W7b7laHvK8Ul3pXHPymQO3i1zKlxARBNKbSKtpcFoyUx26U0NJ_ufUTpiCSM&_rdr,"0905967777",https://poipic6.coccoc.com/1000x750/poi/previews/20180925/26671-6207a97ff0cab344496d2ce6cb0b905a.jpg; https://v2.goingay.vn/storage/images/cfbc6d6784240a2fdee98180a3738522.jpg; https://th.bing.com/th/id/OIP.E2ubRoSX0w2AvsMylSQAoAHaFj?w=1280&h=960&rs=1&pid=ImgDetMain
"75d3b45c-f52d-4a8a-abed-8063167d3a39",Garage Ô Tô Hương Bình,21.014191,105.864392,08:30:00,17:30:00,"66 P. Vân Đồn, Bạch Đằng, Hai Bà Trưng, Hà Nội",Facebook,"02439870421",https://lh3.googleusercontent.com/p/AF1QipOxLSfWep0R9as7rydHaGXzTBIZSaF5imRIpB_w=s0; https://lh3.googleusercontent.com/p/AF1QipNzOeWt1Zg4Ds4O_xgOBRPRVatJ0uEHeowp4BAo=s0; https://lh3.googleusercontent.com/p/AF1QipPsTkdNjjvGh_pywJrOjPoJdHrpg2jBdCI0AA9k=s0
"75d3b45c-f52d-4a8a-abed-8063167d3a05",Gara ôtô Xuân võ,21.02776595408733,105.8341587753543,08:30:00,17:30:00,"29 P. Tôn Đức Thắng, Quốc Tử Giám, Đống Đa, Hà Nội, Việt Nam",https://www.facebook.com/trungspacy.congngheauto/,"0888550992","https://encrypted-tbn0.gstatic.com/images?q=tbn:ANd9GcSLoAt2sli9CvOTVVQmWcHukg1b0zs7Q5Pp2JkWosVN-Q&s;
https://encrypted-tbn0.gstatic.com/images?q=tbn:ANd9GcSLoAt2sli9CvOTVVQmWcHukg1b0zs7Q5Pp2JkWosVN-Q&s;
https://encrypted-tbn0.gstatic.com/images?q=tbn:ANd9GcSLoAt2sli9CvOTVVQmWcHukg1b0zs7Q5Pp2JkWosVN-Q&s"
"75d3b45c-f52d-4a8a-abed-8063167d3a43",Gara OTO XUÂN BÁCH,21.0094469,105.8685067,08:30:00,17:30:00,"Số 860 Đ. Bạch Đằng, Thanh Lương, Hai Bà Trưng, Hà Nộ",Facebook,"0989977263",https://lh3.googleusercontent.com/p/AF1QipP05aKxNj7jm1YU0M2FeDvmZUVs8fwV2HwLqdut=s0; https://lh3.googleusercontent.com/p/AF1QipMjP7TG-59MrfcJVbYbPntYXbCMABazp3O2U0WP=s0; https://lh3.googleusercontent.com/p/AF1QipNzOeWt1Zg4Ds4O_xgOBRPRVatJ0uEHeowp4BAo=s0
"75d3b45c-f52d-4a8a-abed-8063167d3a44",Gara Năm Tám,21.0156808,105.8653449,08:30:00,17:30:00,"843 Đ. Bạch Đằng, Bạch Đằng, Hai Bà Trưng, Hà Nội",Facebook,"0988353711",https://www.obdvietnam.vn/image/cache/data/2019/9/1/chuyen-giao-1-1.jpg; https://lh3.googleusercontent.com/p/AF1QipPfX5s8SJeqomb7i8F6127ezi5Xo9IJ0c0K6Aho=s0; https://lh3.googleusercontent.com/p/AF1QipNzOeWt1Zg4Ds4O_xgOBRPRVatJ0uEHeowp4BAo=s0
"75d3b45c-f52d-4a8a-abed-8063167d3a45",Garage ô tô Thanh Phúc,21.0037565,105.8736833,08:30:00,17:30:00,"944 Đ. Bạch Đằng, Thanh Long, Hai Bà Trưng, Hà Nội",Facebook,"0986434243",https://lh3.googleusercontent.com/p/AF1QipMjP7TG-59MrfcJVbYbPntYXbCMABazp3O2U0WP=s0; https://lh3.googleusercontent.com/p/AF1QipMACVNYb9__irpW5CAHX0E4RrsOT-HS7adr_7TR=s0; https://lh3.googleusercontent.com/p/AF1QipP05aKxNj7jm1YU0M2FeDvmZUVs8fwV2HwLqdut=s0
"75d3b45c-f52d-4a8a-abed-8063167d3a46",Gara oto Hoà Nam,21.0295652,105.8860781,08:30:00,17:30:00,"59 P. Tư Đình, Long Biên, Hà Nội",Facebook,"097 293 73 67
",https://lh3.googleusercontent.com/p/AF1QipNcyP9acnGmSNArMfEJj-2CcT1PFwq6OG6gXt5s=s0; https://lh3.googleusercontent.com/p/AF1QipPyGqZA3qQjwIxjP2_AVWW9PxZMURD3Mx1q3SQP=s0; https://lh3.googleusercontent.com/p/AF1QipMOIg1_e0Q3SyKqj1KAK2gSt7S8Uew7gPICBb4d=s0
"75d3b45c-f52d-4a8a-abed-8063167d3a47",Garage Ô Tô Quang Huy,21.0608161,105.8633477,08:30:00,17:30:00,"362 Ngọc Thuỵ, Ngọc Thụy, Long Biên, Hà Nội ",Facebook,"0936448255",https://lh3.googleusercontent.com/p/AF1QipMOIg1_e0Q3SyKqj1KAK2gSt7S8Uew7gPICBb4d=s0; https://lh3.googleusercontent.com/p/AF1QipOZXKARDR1BCc_E5U7OUOiHfjyy3cu-pnkHZRw=s0; https://lh3.googleusercontent.com/p/AF1QipNFhbyZ5l7i--iSUUghl47IXRMwSaoZd5n2uno=s0
"75d3b45c-f52d-4a8a-abed-8063167d3a48",Gara Tùng Hiệp,21.013724,105.856064,08:30:00,17:30:00,"Thanh Lương, Hai Bà Trưng, Hà Nội",Facebook,"0912570801",https://lh3.googleusercontent.com/p/AF1QipPSQWETQHqLnvDvR9j2Oc9DIwcJNe0URd5n72Om=s0; https://lh3.googleusercontent.com/p/AF1QipOkJzeUt96G_AEXvK-HV06Ak8yjRPlIIBHxa6qv=s0; https://lh3.googleusercontent.com/p/AF1QipOKeFC7nXBP2uGVeviKPzOdnqwqz8AMzdZHDtZM=s0
"75d3b45c-f52d-4a8a-abed-8063167d3a49",GARA OTO T&T,20.981189,105.7829332,08:30:00,17:30:00,"32 phường P. Vũ Trọng Khánh, Khu đô thị Mỗ Lao, Hà Đông, Hà Nội",Facebook,"0982655300",https://lh3.googleusercontent.com/p/AF1QipOGN0PTzB41eTWGG-u3AhMx4rgWoc8XX_HqigMm=s0; https://lh3.googleusercontent.com/p/AF1QipPGUfNSISyAtwaRgdq14-d5M-xoFAIzhD5cFSyq=s0; https://lh3.googleusercontent.com/p/AF1QipPGUfNSISyAtwaRgdq14-d5M-xoFAIzhD5cFSyq=s0
"75d3b45c-f52d-4a8a-abed-8063167d3a50",Gara oto hải yến,21.003034,105.841633,08:30:00,17:30:00,"5 đường Giải Phóng, văn giáp, Hai Bà Trưng, Hà Nội",Facebook,"0984510110",https://lh3.googleusercontent.com/p/AF1QipN_3ToHl8pH4TEu3jUjXvvSchYDG-fVOk98BouB=s0; https://lh3.googleusercontent.com/p/AF1QipM8oHqNON5RrvQ908NhOp9t7YmA3wcwDKStrpcG=s0; https://lh3.googleusercontent.com/p/AF1QipPGUfNSISyAtwaRgdq14-d5M-xoFAIzhD5cFSyq=s0
"75d3b45c-f52d-4a8a-abed-8063167d3a06",Gara Ô tô Tâm Bình,21.023311,105.802727,08:30:00,20:30:00,"110 P. Chùa Láng, Láng Thượng, Đống Đa, Hà Nội",https://www.facebook.com/garaototambinh/ ,"0984043606",https://images.toplist.vn/images/800px/gara-o-to-tam-binh-476142.jpg; https://lh3.googleusercontent.com/p/AF1QipNdatLGQhA7FfCDwADdePfjc53NnhfTHaH2YMOU=s0; https://lh3.googleusercontent.com/p/AF1QipOC8jM-Booe8ctwHfK-BrGdj9nnnHSzjX9aw8TO=s0
ab8c7c6c-9277-4b8a-b846-32f8dbd6c2e8,Garage Doanh Workshop,21.007938,105.839405,00:00:00,17:30:00,"05 Đào Duy Anh, Đống Đa, Hà Nội",https://www.facebook.com/GARAGE-DOANH-WORKSHOP-389826988420623,"0886 323 886 ",https://xetv.vn/attachments/garage-doanh-workshop-05-dao-duy-anh-dong-da-ha-noi-jpg.11250/; https://lh3.googleusercontent.com/p/AF1QipMZKpqbCMc86UlVALwGCUOO84CRal7dSp8Uc90=s0; https://lh3.googleusercontent.com/p/AF1QipMh5pNHqo02--DwArDdOLASSQ_iveOhZowvnh0=s0
"75d3b45c-f52d-4a8a-abed-8063167d3a40",Gara ô tô Phúc Hoàn,21.0028673,105.8739419,08:30:00,17:30:00,"335 Nguyễn Khoái, Thanh Long, Hai Bà Trưng, Hà Nội",Facebook,"0354618833",https://lh3.googleusercontent.com/p/AF1QipPZ2KQHUBI2-M5Qf3JTFNBI17WnjBL5lprKG9ZP=s0; https://lh3.googleusercontent.com/p/AF1QipO7mlZjm0j-qV6oJGAxksfOG_CoOsApu_eltDoK=s0; https://lh3.googleusercontent.com/p/AF1QipPsTkdNjjvGh_pywJrOjPoJdHrpg2jBdCI0AA9k=s0
"75d3b45c-f52d-4a8a-abed-8063167d3a41",Gara ô tô Quang Huy,20.9773843,105.8051105,08:30:00,17:30:00,"Đ. Tân Triều Mới, Tân Triều, Thanh Trì, Hà Nội",Facebook,"0972715559",https://lh3.googleusercontent.com/p/AF1QipOjaMwlIDAGssksGf3RA6Itr_myMEZ9I7eUfrfk=s0; https://lh3.googleusercontent.com/p/AF1QipOeO7wjLWnK5alwZ-mgiiTXdiMAsGCmxLCSlRS-=s0; https://lh3.googleusercontent.com/p/AF1QipOxLSfWep0R9as7rydHaGXzTBIZSaF5imRIpB_w=s0
"80a47bb6-8a5b-408e-b85d-679fef80b491",Trung Anh Garage,21.033644,105.783308,09:30:00,17:30:00,"Số 56 Ngõ 78 Duy Tân, Dịch Vọng Hậu, Cầu Giấy, Hà Nội",https://www.facebook.com/trunganhgarage.on/?gidzl=wBq_Syb9uZJaeJTyobVgDEUbDtZHKxSr_ArXADC8v33yhM8lt5FaPwNqD7pP2-CqfVWoVc8OnkH-mqljF0,"0968183815",https://lh3.googleusercontent.com/p/AF1QipPj1tNucwyOoPyj9Y_vgrGkDCxosnSIwxDr5had=s0; https://lh3.googleusercontent.com/p/AF1QipNjPi5SxZU-GNSRNtsolQ7VXmvdc2dEvXE-dxRd=s0; https://lh3.googleusercontent.com/p/AF1QipN2Hi0kqJ-XsYjt7q37PX1OGuO4bPTuXB2qz1IB=s0
"75d3b45c-f52d-4a8a-abed-8063167d3a02",Gara Trung Anh,20.985031,105.773223,08:30:00,17:30:00,"XQPF+269, Vạn Phúc, Hà Đông, Hà Nội 100000, Việt Nam",https://www.facebook.com/trunganhautomotive/,"0978765980",https://lh3.googleusercontent.com/p/AF1QipNH9EgPj-uocYwrYRRxSXq3LPcDR8DSAXFn5vS8=s0; https://lh3.googleusercontent.com/p/AF1QipPXL8U_VVd7LDr_JRH0E1oKH0bYmeOn0XpWIs4r=s0; https://lh3.googleusercontent.com/p/AF1QipNJcBJpY2M3rzEgWC1bzPfVBySflys4grwoIUXo=s0; https://lh3.googleusercontent.com/p/AF1QipPwlu4U0_8nxquasonOcI-FGzf-fS3DI1KylJx8=s0; https://lh3.googleusercontent.com/p/AF1QipP9ftVR73HD_kXMAzFSkjCRGmn2yTgIIpEgoRsv=s0
"75d3b45c-f52d-4a8a-abed-8063167d3a17",Gara Ô tô Trung Lân,21.0272571,105.785526,08:30:00,17:30:00,"Số 1 Ng. 3 P. Tôn Thất thuyết, Dịch Vọng Hậu, Cầu Giấy, Hà Nội 100000",https://www.facebook.com/trunglanservice,"0963880011",	https://lh3.googleusercontent.com/p/AF1QipPpabZCmkngvf2bu3UPR7DO-MqQIV2Jr33Gp4Kx=s0; https://lh3.googleusercontent.com/p/AF1QipMmn9TR_GlAwO-PBN-6uabyaO9FggnFuiYqWg9O=s0; https://lh3.googleusercontent.com/p/AF1QipNriUU8WGZgcqVWH6ZMM9gQRZbuFmZuxF2Q-3Qq=s0; https://lh3.googleusercontent.com/p/AF1QipNmaHsp0WMiNaC9ebVwL7B_Ya-Dy00fL8q2kHKo=s0; https://lh3.googleusercontent.com/p/AF1QipNFPcTdznh-4LW2LckJCxBpZMXZ45xGQ7_FDccc=s0
"75d3b45c-f52d-4a8a-abed-8063167d3a13",Gara ô tô LÂM PHƯƠNG,21.027676,105.834248,08:30:00,17:30:00,"quốc lộ 1A, Quốc Tử Giám, Hoàn Kiếm, Hà Nội",Thúy Vân | Facebook,"0858000201",https://lh3.googleusercontent.com/p/AF1QipPFvqQXCxPx3aUWB1s2crNm-sUIluB2WqJG0xm9=s0; https://lh3.googleusercontent.com/p/AF1QipP-QP0oPtOCpIMSChaeIbo8lVBCd4x7zn9TQlNU=s0; https://lh3.googleusercontent.com/p/AF1QipNygNqflaAbC_IvutSFDeFicOOswqsGPqJX40Wd=s0
"0c47e419-9289-4462-ad8f-edc7e368c136",Auto i-Tech Garage,21.043441,105.797494,08:30:00,17:30:00," Số 1 Nguyễn Văn Huyên, Cầu Giấy",https://autoitech.vn/,"19008 88696",https://lh3.googleusercontent.com/p/AF1QipP-PVF-twlKVAsRI6xaAk1MPmt1krMbwQO-1vnQ=s0; https://lh3.googleusercontent.com/p/AF1QipPIKJIqEcmfLVZI6zLQt3KWnsHoYFdCO3hkfvX6=s0; https://lh3.googleusercontent.com/p/AF1QipNtvkPHxap-KtebI1tUl9IFDY-zxzxy8Hps9iPX=s0
"75d3b45c-f52d-4a8a-abed-8063167d3a23",Gara Ô Tô Vĩnh Tín vjp pro max,21.013077,105.788362,08:30:00,17:30:00,"2Q7Q+7CQ, AR6, Khu đô thị Nam Trung Yên, Từ Liêm, Hà Nội",Facebook,"094 644 98 86",https://lh3.googleusercontent.com/p/AF1QipP_hARbJ5Xx5siog-gC1laehwhU4wesQb4d3f7O=s0; https://lh3.googleusercontent.com/p/AF1QipM35DJR0w9WmUURMlOChFbyomaMLhlOeETsbAxp=s0; https://lh3.googleusercontent.com/p/AF1QipNjPi5SxZU-GNSRNtsolQ7VXmvdc2dEvXE-dxRd=s0https://lh3.googleusercontent.com/p/AF1QipNjPi5SxZU-GNSRNtsolQ7VXmvdc2dEvXE-dxRd=s0
"75d3b45c-f52d-4a8a-abed-8063167d3a03",Garage Ô Tô Đức Cảnh,21.007312104550365,105.8547551517375,08:30:00,17:30:00,"69 P. Võ Thị Sáu, Thanh Nhàn, Hai Bà Trưng, Hà Nội ",https://www.facebook.com/carsmansion.oto,"0915658891",https://lh3.googleusercontent.com/p/AF1QipMUyECsnpw6MIXtbS_zW8CzCkm-rkYa86C1oScz=s0; https://lh3.googleusercontent.com/p/AF1QipPCzIdIDWUVaht7vJTm1jQ4VdSBowvNKREU19IW=s0; https://lh3.googleusercontent.com/p/AF1QipM2DCngyZbFzH3cpXsW-nYKwHnl3kRsqh-28sKE=s0
"75d3b45c-f52d-4a8a-abed-8063167d3a10",Garage Ô Tô Tự Lực,21.008526,105.854395,08:30:00,17:30:00,"365 Trần Khát Chân, Thanh Nhàn, Hai Bà Trưng, Hà Nội",https://www.facebook.com/autoitech.vn,"02439716275",https://lh3.googleusercontent.com/p/AF1QipOJR75JJTFqN6hOEsgqvPyZnWPYPN2IiWgVNSRE=s0; https://lh3.googleusercontent.com/p/AF1QipMdsyIcRJeNuetuItmw_pgUCoo9gHHouqbWkEj2=s0; https://lh3.googleusercontent.com/p/AF1QipNLqCTU4B29oPs7hakSbOQH8mpyICzp9apHWbJ_=s0
"75d3b45c-f52d-4a8a-abed-8063167d3a35",Gara Đại Nghĩa,21.0398597,105.8166692,08:30:00,17:30:00,"7 Đ. Văn Cao, Ngọc Hồ, Ba Đình, Hà Nội",Facebook,"0904712498",https://lh3.googleusercontent.com/p/AF1QipNnLIpQcZLyy1VQLOfp0_xxJMk65_JxnQttCbcK=s0; https://noibai247.com.vn/wp-content/uploads/2022/07/gara-o-to-gan-day.gif; https://lh3.googleusercontent.com/p/AF1QipN_aNAbYzDlfPsuWUwbtKvXv51XFBIk8ic8GTRz=s0
"75d3b45c-f52d-4a8a-abed-8063167d3a37",Gara 01 Auto Thành Tâm,21.0359232,105.8699788,08:30:00,17:30:00,"Ngõ 199 P. Phú Viên, Bồ Đề, Long Biên, Hà Nội, Việt Nam",Facebook,"0917517588",https://lh3.googleusercontent.com/p/AF1QipOgbdAbwLidis8GIrQLoHWifL5SPMcZZNauq8Dh=s0; https://lh3.googleusercontent.com/p/AF1QipM_mhXP92cCbIP3xe-v-5tOdseRw7X4bvrROum1=s0; https://lh3.googleusercontent.com/p/AF1QipNeZy8jk42n96mDxN2GW_hJzu_QBm1G2b4U_NHo=s0
